pclass,sex,age,sibsp,parch,fare,embarked,title,family_size,is_alone,survived
1,1,24.4901424590337,0,0,55.31988616645352,1,2,1,0,1
3,1,43.58520709648644,0,0,38.52834675822375,1,2,1,1,0
1,0,36.94306561430208,0,0,55.9460592010566,2,1,1,1,0
1,0,35.569089569224076,0,0,61.60637858804951,2,1,1,1,0
3,0,27.29753987582999,0,0,51.86764903223701,1,1,1,1,0
3,0,38.297589129152456,0,0,115.26375812558067,2,1,1,1,1
1,0,40.737638446522176,0,0,40.31210800896427,2,1,1,0,0
1,0,35.30230418745873,1,0,42.00765296688583,0,1,2,0,0
1,0,23.591576842195146,1,0,36.666997510957216,0,1,2,1,0
1,0,28.627680130757895,0,0,62.01044311489183,2,1,1,1,0
1,0,23.609746921562614,0,0,54.59365656354058,2,1,1,1,1
3,0,29.60281073928923,0,0,46.69415329089545,1,1,1,1,0
2,0,43.7258868146981,0,0,50.29548626319821,2,1,1,1,0
2,0,25.260159266026605,0,0,36.240909527016235,2,1,1,0,0
1,0,32.8252465024609,0,0,72.19081979616827,1,1,1,1,0
3,0,36.31313741227708,0,0,49.042211819752275,1,1,1,0,0
1,1,25.961506638996728,0,0,48.84394794604893,1,2,1,1,1
3,1,37.942741997785824,0,0,54.88686623898692,1,2,1,1,0
2,0,74.77592777343636,0,0,52.560092317367136,1,1,1,1,0
1,0,45.76308889599412,0,0,50.28884024279131,2,1,1,0,0
2,0,46.39694630676466,0,0,39.991055445546884,2,1,1,1,0
1,0,33.3226710985404,0,0,52.61048357135996,2,1,1,1,0
2,0,26.20258461406377,0,0,66.71604496475034,2,1,1,1,0
1,0,32.72575544135963,0,0,61.50420046154977,2,1,1,0,0
1,0,14.366851826424451,1,1,71.83186626639397,2,4,3,1,1
3,0,10.332767769129598,1,1,50.78784323568815,2,4,3,1,1
1,1,39.54701926773309,0,2,46.00395179741419,2,3,3,0,1
3,0,67.12709405503702,0,0,45.99213079900352,2,1,1,0,0
1,0,24.198083930243584,0,0,48.71554912288694,2,1,1,0,0
2,1,23.124918750620168,0,1,67.0419151847095,2,2,2,1,1
2,0,49.19488016331181,0,1,39.17535370285181,2,1,2,1,0
2,0,29.556834553526812,0,0,63.95800319460614,2,1,1,1,0
1,0,29.4595083257862,0,0,45.644921014210105,0,1,1,0,0
1,0,48.826867213132296,0,0,43.781189300525796,2,1,1,1,1
1,1,31.467634736309567,0,0,40.39565624739832,2,2,1,1,0
1,0,22.337469050086934,0,0,33.622233281342304,2,1,1,1,0
2,1,37.626590785014265,0,0,55.18170583961915,1,2,1,1,1
3,0,30.120989628360675,0,0,48.48317967188404,1,1,1,0,1
3,0,3.3487418533047086,0,2,41.50039100258946,2,4,3,1,0
3,0,41.59058370760737,1,1,41.44921227936384,2,1,3,1,0
3,1,37.21539973998623,1,1,51.04215300709872,2,3,3,1,0
2,0,34.51410484356991,0,0,64.58601525289393,2,1,1,1,0
1,0,31.65305515283528,0,0,45.29988648636395,2,1,1,1,0
3,0,30.096688913232136,2,0,49.11857046881894,2,1,3,1,0
2,0,24.56443402889772,0,0,45.592569359140555,2,1,1,0,0
2,0,25.840467374815873,2,0,61.42276430252329,2,1,3,0,0
1,0,22.618083687120638,2,0,21.081133570584285,2,1,3,1,0
1,0,38.171366678656746,1,0,55.55705133482188,2,1,2,1,0
1,1,36.03085486870538,1,0,53.79065469791322,2,3,2,0,1
3,0,38.2108795339118,1,0,64.36206364813418,2,1,2,0,1
2,1,43.97225190818438,1,0,75.88956094945345,2,3,2,0,1
1,0,35.84475315875105,0,0,60.76565029547757,2,1,1,1,1
3,0,20.969233999082125,0,0,46.81111309445169,2,1,1,0,0
1,0,9.835028866522604,1,2,49.5097409125833,2,4,4,1,1
1,1,10.259698567487854,1,2,86.30859803249861,2,2,4,0,1
1,0,35.7938403573486,1,2,61.167184340144885,2,1,4,1,0
3,1,37.482347430332084,1,2,60.71429291912946,2,3,4,0,1
3,0,31.072362872446355,0,0,47.654549128899966,2,1,1,1,0
1,0,35.99379029421069,0,0,49.87664760767855,2,1,1,0,0
3,0,37.92663538136708,0,0,46.45219588076058,2,1,1,1,0
1,0,27.56247728646413,0,0,41.51337993119763,2,1,1,0,0
3,0,42.44302307000855,0,0,41.78141058759608,2,1,1,1,0
3,1,22.680995077981915,0,0,47.55166729784001,1,2,1,1,1
3,0,20.411380127757987,0,0,42.461552288662354,2,1,1,1,0
1,0,51.43757746718259,0,0,41.53404217322836,2,1,1,1,0
3,0,54.06872008571247,0,0,48.96010227691897,2,1,1,1,0
3,0,34.783969635259,0,0,44.67942782579144,0,1,1,1,0
1,0,42.01059869367607,0,0,62.789929885826886,1,1,1,1,0
3,0,27.084908075142902,0,0,21.540301916069883,2,1,1,1,1
1,1,35.06464073618463,0,0,63.39006851922462,2,2,1,1,1
3,1,32.08418681652524,0,0,60.21085192497629,1,2,1,1,0
1,1,34.61410969939791,0,0,27.316097675918506,2,2,1,1,1
3,0,39.892521882670145,0,0,44.46892405919652,0,1,1,1,0
2,0,76.69393096744201,0,0,44.03559134004209,1,1,1,0,0
1,0,23.140764687730766,0,0,33.47488305282179,2,1,1,1,1
1,0,32.46570751312567,1,0,46.121833124091246,2,1,2,1,0
1,1,29.261141204714512,1,0,42.79424154534171,2,3,2,0,1
1,0,24.102977948602398,0,0,65.29770443423624,2,1,1,1,0
1,0,23.275282329606508,0,0,57.13178393147461,2,1,1,0,0
2,0,46.03729325619732,0,0,59.69055094994159,2,1,1,1,0
1,0,34.340984336487466,0,0,54.44172064043235,0,1,1,0,0
1,0,47.07133771453524,0,2,35.93868228782771,0,1,3,1,0
3,0,28.433682134224547,1,1,41.98399733720226,0,1,3,1,0
1,0,20.44518934517906,1,1,52.12294561227918,0,1,3,1,0
3,0,51.574519191320434,0,0,35.028721911080545,2,1,1,1,0
3,1,10.49472886924639,0,0,59.60498430172388,2,2,1,1,1
2,0,37.746206353106224,0,0,44.82174601841865,0,1,1,1,0
2,0,48.48625332897905,0,0,51.35179192450403,2,1,1,0,0
3,0,45.91071938869888,0,0,54.85959968203491,1,1,1,1,0
1,0,36.53980229934007,0,0,51.492633114860396,2,1,1,0,1
1,0,25.291232648044122,0,0,44.1861383418092,2,1,1,1,0
1,1,37.90593497159867,0,0,59.34329803364248,1,2,1,1,0
3,0,32.89384071836794,0,0,36.939366724001026,1,1,1,1,0
1,0,34.01701356020669,0,0,53.10935606944264,1,1,1,1,0
2,0,31.823675540603528,0,0,53.810212579683835,1,1,1,1,0
3,0,30.609455155603644,0,0,44.654535606860094,1,1,1,1,0
3,0,35.88836083119373,0,0,99.75713022242118,2,1,1,0,1
2,1,28.783165816539668,2,2,61.863864236146966,2,2,5,1,0
1,1,16.015340369927383,2,2,83.615270192069,2,2,5,0,0
3,0,34.296238599874556,0,0,46.20097863557011,2,1,1,1,0
2,0,20.753887773848756,2,2,69.1477697948096,2,1,5,1,0
1,0,21.73806403170392,1,3,84.86509225836889,2,1,5,1,0
1,1,53.97185645041969,1,3,67.3315630945724,2,3,5,0,0
3,0,32.59316819233514,0,0,33.66538703636441,1,1,1,1,0
2,0,34.516142865001974,0,0,31.683708264760963,2,1,1,0,0
3,0,33.212152570443614,0,0,53.801799513456395,1,1,1,1,0
3,0,40.65855770363159,0,0,41.69570647503717,2,1,1,0,0
2,0,35.52373343849552,0,0,65.44374181984364,0,1,1,1,0
2,0,29.772651172168295,0,0,27.23070592116278,2,1,1,1,0
1,1,22.7766622527015,0,0,64.69786368290039,1,2,1,1,1
1,1,29.243686354102877,0,0,49.86017467202618,1,2,1,1,1
1,0,15.920458373652348,0,2,59.55786888129607,2,4,3,1,1
3,0,40.180690629823076,1,1,55.0758091319105,2,1,3,1,0
2,0,55.389726337455855,0,0,51.84136114352071,2,1,1,1,0
3,1,37.42291710565663,1,1,60.14865297575152,2,3,3,1,1
1,0,45.90464202700084,0,0,58.08301882016521,2,1,1,1,0
2,0,15.89586469088427,5,2,88.0422764866204,2,4,8,1,0
2,0,4.493965887141404,5,2,88.40301761461878,2,4,8,1,0
2,0,21.42846844354506,5,2,83.26387787786143,2,4,8,0,0
3,1,19.255799098060322,5,2,86.33054376278932,2,2,8,1,0
1,1,25.373095841129143,5,2,89.97801768892059,2,2,8,0,0
2,0,18.271837635615782,5,2,69.79831607343374,2,1,8,1,0
1,0,51.2083829328083,1,6,73.41814577894287,2,1,8,1,0
1,1,45.79444681162316,1,6,94.33264094022715,2,3,8,1,0
1,0,59.760571281400814,0,0,49.75865438127941,2,1,1,1,0
2,0,45.57136687742994,0,0,46.522666636473204,2,1,1,1,0
3,0,32.028391024607934,0,0,48.23433933065394,2,1,1,1,0
2,0,25.301106811191683,0,0,53.321617053616706,2,1,1,1,0
3,0,44.29895409526292,2,0,42.527403196906384,2,1,3,0,0
2,0,33.489573037651404,2,0,40.14195274597687,2,1,3,1,0
2,0,21.3480097068016,0,0,49.733452550976814,2,1,1,0,0
1,1,31.205688924418084,0,0,39.06627222384968,2,2,1,1,0
1,1,20.813088858821686,0,0,51.815827557144715,1,2,1,1,0
1,0,36.420777291905544,1,0,42.940863957621595,2,1,2,1,0
1,0,32.24172729729859,1,0,70.25825637325644,2,1,2,1,0
1,0,39.649803215052614,1,0,60.575974824130434,2,1,2,1,0
1,1,28.65024012299129,1,0,58.41029734313876,2,3,2,0,1
1,0,26.033815451382974,0,0,59.32690983945514,2,1,1,1,0
3,0,32.94055165210901,0,0,63.88394444462576,0,1,1,1,0
1,0,44.30740705069813,2,0,64.2520006501813,2,1,3,1,0
1,0,33.68237980381239,1,0,29.445457686683547,2,1,2,1,0
1,0,31.921428262847286,0,0,35.058430332642985,2,1,1,1,0
2,1,47.17755029631632,1,0,47.86011422304321,2,3,2,0,1
1,1,35.55390157559691,0,0,47.810910502108335,2,2,1,1,0
1,0,32.77964838274527,0,0,52.42659020469123,2,1,1,1,0
2,0,37.34546861533193,0,0,39.600861868465344,1,1,1,0,0
1,0,14.289147867365754,0,0,60.655167644770785,0,1,1,1,0
1,1,31.03863016074717,0,0,40.19617067646678,1,2,1,0,1
1,0,35.5658246968507,0,0,40.85982197008052,2,1,1,0,1
1,0,35.89095401969956,0,0,82.42918903151778,2,1,1,0,1
1,1,25.75147855103763,0,0,37.51766753889096,1,2,1,1,0
1,1,34.03934462849092,0,0,34.40815394383666,2,2,1,1,1
3,1,27.959925835264528,0,0,38.16626747022667,2,2,1,1,0
2,1,29.696761091483012,0,0,59.498917966078395,2,2,1,1,1
2,0,35.879217419896044,0,0,38.40181111168057,2,1,1,1,0
1,1,32.856945745920896,0,0,74.09882064837392,2,2,1,1,0
3,1,40.59732353343427,0,0,52.68317900880889,1,2,1,1,0
1,1,10.421498762735363,0,1,54.13586123694874,2,2,2,0,1
1,1,25.426089508392053,1,1,43.70392219818787,2,3,3,1,1
2,0,51.969660825901485,0,0,53.45309879408992,2,1,1,0,0
1,0,32.075954989318035,0,0,56.76862173762226,2,1,1,1,0
1,1,36.36125381122736,0,0,49.14509814645361,2,2,1,1,1
2,0,38.47578673702221,0,0,73.35084538268795,1,1,1,0,0
3,1,32.53795304494487,0,0,47.089401002753505,2,2,1,0,1
1,0,51.890128387732965,0,0,59.14273326285676,2,1,1,1,0
3,0,36.238342780809496,0,0,40.855735748741125,2,1,1,1,1
3,0,39.46618047998347,0,0,46.87931509503038,0,1,1,0,0
1,0,40.69037894796185,0,0,65.6038063563551,2,1,1,1,0
1,1,33.263835651991386,1,0,41.65532942212232,2,2,2,0,0
1,1,29.73879150692753,1,0,66.04948557996929,2,2,2,1,0
1,0,32.33145671112343,0,0,54.973319354554754,2,1,1,1,0
1,0,33.55256914510369,0,0,42.27113224105732,0,1,1,0,1
3,0,27.76869487175769,0,0,54.11987739055521,2,1,1,0,1
3,0,36.023455924449934,0,0,56.775544496267294,2,1,1,0,0
2,0,27.830072397990058,0,0,54.07229962217196,2,1,1,1,0
1,0,57.481549747108076,0,0,32.15195280109543,2,1,1,0,0
3,0,24.03900567563372,1,0,39.78282824175132,2,1,2,1,0
3,1,39.36060223147195,0,0,45.27481364448495,1,2,1,0,1
3,0,34.206029500286135,0,0,47.36816570899954,2,1,1,1,1
1,0,49.160507499768855,0,0,52.702520975506786,2,1,1,1,0
2,0,34.87700204329502,0,0,49.552010009332534,2,1,1,1,1
1,0,26.42852733075115,0,0,34.44235641289899,2,1,1,1,0
1,0,36.78732250581666,0,0,52.45617851005963,2,1,1,1,0
1,0,39.447417245729554,0,0,53.88085745283823,2,1,1,1,0
2,0,35.32961164402245,0,0,53.4521044793104,2,1,1,1,0
2,0,13.142001482276276,1,1,61.941107255546214,2,4,3,1,1
1,1,9.419712873720634,1,1,59.47252154548904,2,2,3,0,1
1,0,55.78151326202938,0,0,44.59180079228437,2,1,1,1,0
1,0,37.459618845794786,0,0,47.07334288541353,2,1,1,1,0
1,0,21.455458325942406,0,0,23.390390664840087,2,1,1,0,0
1,1,32.660455143798934,0,2,55.42948219132585,2,3,3,1,1
1,0,37.56919638297042,1,2,65.52687687163112,2,4,4,1,0
3,1,35.642281232390616,1,2,66.16578837195374,2,2,4,1,0
1,0,31.262783663864035,1,2,50.68251424179691,2,1,4,1,0
1,1,35.519542777553546,1,2,52.63943459591738,2,3,4,1,0
1,0,31.15595213918651,0,0,58.42732853332904,2,1,1,0,0
3,0,36.3484276913966,0,0,47.45864846143345,2,1,1,1,1
2,0,34.461175317836584,0,0,54.66920697372624,2,1,1,1,0
2,1,27.174626155338,1,0,50.108183761304616,2,2,2,0,0
1,1,24.571089106508133,1,0,50.12256139495746,2,2,2,0,0
2,0,40.07336208104485,0,0,57.30783805975997,2,1,1,1,1
1,0,25.682353579104703,0,0,41.96455271782626,2,1,1,0,0
2,0,31.24915372952583,0,0,49.39450776940983,2,1,1,1,0
3,0,40.16140615610471,0,0,43.27304711294958,2,1,1,0,0
2,0,23.866991896128727,0,0,43.45083772567684,2,1,1,0,1
3,0,37.18652488025463,0,0,44.7624787653136,2,1,1,0,0
3,0,30.54510580162598,0,0,49.74213771633713,2,1,1,1,0
1,1,12.541357852736626,0,1,48.62921378336522,0,2,2,1,1
3,0,47.54514305891814,0,1,65.97426125573521,0,1,2,1,1
1,0,46.558194471964164,0,0,38.28312697780496,0,1,1,1,0
2,0,27.2126715320795,0,0,45.360483558386406,0,1,1,0,0
1,0,38.4066969205418,0,0,43.35268941725825,1,1,1,1,0
1,0,37.86200529047961,0,0,61.71977884353733,2,1,1,1,0
1,1,36.954173753917395,0,0,49.715547765115744,1,2,1,1,1
1,1,34.054192266078964,0,0,58.06844539468635,1,2,1,0,1
1,0,43.776907661479804,0,0,32.97359626963028,1,1,1,1,0
2,0,48.681524356387285,0,0,50.720502658692595,2,1,1,0,0
1,0,34.28954417977997,0,0,56.64630795623437,1,1,1,1,1
1,0,33.54390935651269,1,0,55.27703989275424,0,1,2,1,0
2,1,35.245622418158966,1,0,65.10900375065351,0,3,2,1,0
1,0,41.94397570002053,1,0,42.57711549899628,1,1,2,1,0
3,0,29.398204422224758,1,0,61.8434744018558,1,1,2,1,0
2,0,37.05878057112354,0,0,70.7264812361925,1,1,1,1,0
3,1,24.161852386431043,2,0,45.03411439560341,2,2,3,1,0
2,0,31.5842044026317,2,0,44.20747478599228,2,1,3,1,0
1,1,14.266851790902098,0,2,76.55884477117701,2,2,3,1,1
2,0,36.19284005728639,3,1,77.82072145730712,2,1,5,1,1
1,1,29.76676566621208,1,1,56.796399728467314,2,3,3,1,1
1,1,5.854088872220095,1,1,47.981431829041426,2,2,3,1,0
3,0,27.038793246804026,1,1,45.036353911394926,2,1,3,1,0
1,1,40.80890010484859,0,2,38.73879488965723,2,3,3,0,0
3,0,35.64937576874593,0,0,38.709280535158015,0,1,1,1,0
3,0,32.136715519711444,0,0,37.18779233247932,0,1,1,0,1
3,0,33.04519895718255,0,0,39.547024348958715,0,1,1,1,0
3,1,50.43183226797598,0,0,49.240651126132185,2,2,1,1,0
1,0,36.90175706695403,0,0,50.237947325365205,2,1,1,1,0
1,0,28.924572240027178,0,0,112.00080492814078,2,1,1,1,1
2,0,35.55936294430828,0,0,86.5122595926121,2,1,1,1,0
1,1,27.014640605694836,0,0,57.093223984765835,2,2,1,1,1
2,0,37.55730000438867,0,0,45.61011155774491,1,1,1,1,0
3,0,30.622437784701898,0,0,96.00116290347567,2,1,1,0,1
2,0,35.655790675599306,0,0,56.23149492166604,2,1,1,1,0
1,0,37.51496183694137,0,0,36.54777978437701,2,1,1,0,0
1,0,31.597265582510364,0,0,51.59909746184051,2,1,1,1,0
1,0,25.39911077883267,0,0,48.88952208213056,0,1,1,1,1
1,0,33.996496292477154,3,1,70.39121264008149,2,4,5,1,0
3,1,33.57516406651713,3,1,68.35838643907817,2,2,5,0,0
1,1,33.04001230227887,3,1,90.01970139910895,2,2,5,0,0
1,1,40.29636272084329,3,1,59.089300157486846,2,2,5,1,0
1,1,36.21494513288287,0,4,60.15673044998182,2,3,5,0,0
2,0,35.217348136994865,0,0,41.693594735752356,2,1,1,0,0
2,0,44.25358584116433,0,0,40.88272880839745,0,1,1,0,0
1,1,41.3664685910379,1,0,49.12612872693482,1,2,2,1,0
1,0,38.09739578165344,1,0,67.39016531107552,1,1,2,1,0
1,0,38.44189010213796,0,0,54.20504247989855,2,1,1,1,0
1,0,44.54729778140125,0,0,58.44253706250524,2,1,1,0,0
2,0,34.800733447559864,0,0,41.17644426895771,2,1,1,1,0
2,1,29.876991603143658,0,0,52.48915556386404,2,2,1,1,0
1,1,53.33145828443868,0,0,42.227769557190285,2,2,1,1,0
1,0,45.323902160288014,1,0,61.879318177555106,2,1,2,0,0
3,1,34.21920858526575,1,0,57.579230208512996,2,3,2,0,0
1,0,26.8214239318146,1,0,32.767558850027676,2,1,2,0,1
2,0,25.276197979792784,0,0,63.35425201330061,1,1,1,1,0
1,0,31.92683707599713,0,0,114.45457673095522,2,1,1,1,0
1,0,34.24229554582052,0,0,41.422113095156135,2,1,1,0,0
1,0,33.256650454105454,1,0,52.22298440064016,2,1,2,0,0
2,1,37.897233911794906,1,0,58.95865390724905,2,3,2,0,0
3,0,30.7095758661181,0,0,51.223767899870246,2,1,1,1,0
1,0,26.17986653990905,0,0,53.8354427267283,2,1,1,0,0
1,0,34.39222173185827,0,0,68.76454538766349,2,1,1,1,1
1,0,62.323819867198345,0,0,45.284727725059504,2,1,1,1,0
1,1,25.69241354646168,0,0,39.87122755461546,2,2,1,1,1
1,0,42.48949125646488,0,0,33.78600771985473,2,1,1,0,1
1,0,35.03069918305876,0,0,40.58649960058081,2,1,1,0,0
3,0,32.05547404685615,0,0,47.218730271262025,2,1,1,1,0
1,1,36.38631042278981,0,0,65.69557863517788,1,2,1,1,1
1,0,31.59717908672041,0,0,41.965587009638284,2,1,1,1,1
3,0,27.199349368523617,0,0,49.362879516388986,2,1,1,1,0
1,1,35.209406254970055,0,0,47.71497103927248,1,2,1,0,0
3,0,33.84405920941472,0,0,59.63393273448084,1,1,1,1,0
1,0,35.340552035753745,0,0,73.31932425873622,2,1,1,1,0
3,0,37.98639202356314,0,0,42.61631227079679,2,1,1,0,0
2,0,39.75805044843605,0,0,42.33480557481778,0,1,1,1,1
3,1,33.78655350351945,0,0,58.19160877069072,1,2,1,1,0
3,1,41.3991001239688,0,0,54.556414896263114,1,2,1,1,1
1,0,29.143736601432494,0,0,65.69627325736035,0,1,1,1,0
3,0,41.54464471489325,0,0,53.735081853259636,0,1,1,1,0
1,0,41.764951619453726,0,0,44.30287909212941,2,1,1,1,0
1,1,35.8429756032051,0,0,53.131548306923094,0,3,1,0,1
1,0,33.131901440538215,0,0,58.982835805829076,0,1,1,1,0
2,1,34.375633248928175,0,0,55.954821811973645,1,2,1,1,1
1,0,33.5209971960235,0,0,52.82274031107298,1,1,1,0,1
2,1,33.231905729167366,2,0,73.91674689589154,1,2,3,1,1
2,1,37.54880629106307,2,0,74.94295590445672,1,2,3,1,1
3,0,36.07104645789514,2,0,77.07158991037528,1,1,3,1,1
3,1,32.92127121421804,0,0,54.27459887589643,1,2,1,1,1
1,0,37.69879962629975,0,0,53.828819196831454,1,1,1,1,0
1,1,35.92189856262983,0,0,49.346336864333225,1,2,1,0,1
1,1,24.43858635651688,0,0,60.094289665083565,1,2,1,0,1
1,1,43.888886525770836,0,0,39.58064329012764,1,2,1,0,0
1,0,32.51301496723379,0,0,51.436733088729014,1,1,1,1,0
1,0,29.319456879409092,1,0,52.16661187672639,2,1,2,1,0
1,1,28.241880815369786,1,0,56.38744822934817,2,3,2,0,0
3,1,36.83111079630039,0,0,60.53451862607299,1,2,1,1,0
2,1,34.93729521810756,0,0,49.96099068019903,2,2,1,1,0
1,1,35.35198214992634,0,0,48.514365481561484,2,3,1,1,0
2,0,66.33299468736527,0,0,34.45143859020081,2,1,1,1,0
1,0,33.22528583349251,0,0,55.21253566027221,1,1,1,0,0
1,0,29.641292143510114,0,0,54.22984181141075,2,1,1,1,1
2,0,34.39342204269832,0,0,69.6825472330546,2,1,1,1,0
1,0,30.34695639031834,0,0,44.81801765046999,2,1,1,1,0
1,0,31.29633055596157,0,0,50.08730327663939,2,1,1,1,0
3,0,37.476249046964085,0,0,50.38963683710755,2,1,1,1,0
3,0,37.440528908001916,0,0,63.67033279763475,2,1,1,1,0
2,1,38.91643642146299,0,0,46.92624467613047,1,2,1,0,1
2,0,32.06301152489828,0,0,50.44021525770339,2,1,1,1,0
2,0,15.045858913884892,0,1,58.553965097165396,2,4,2,1,1
1,1,33.06919973021963,0,1,54.34109123156358,2,3,2,1,1
1,0,35.97249905746533,0,0,43.58566385449471,2,1,1,0,0
1,1,34.60957083689695,1,0,66.09089992898308,1,2,2,0,1
1,0,35.29098789497816,1,0,74.88631749859772,1,1,2,0,0
2,0,36.78547107631074,0,0,38.1931470058894,1,1,1,1,0
1,0,38.54533795029958,0,0,49.37969674146876,2,1,1,1,0
3,0,41.27716182705638,0,0,40.74879185060827,1,1,1,0,0
3,0,31.981947855500895,0,0,59.72546628924842,2,1,1,1,1
3,0,31.357434161636803,1,1,40.013930952162255,0,4,3,1,1
2,0,38.474332620500206,1,1,49.65658152728412,0,4,3,1,1
3,1,37.37498808188881,0,2,59.01791875064521,0,3,3,1,1
1,1,36.87235945115647,0,0,62.884440292343406,0,3,1,1,1
3,0,36.88503652779284,0,0,47.39249738927012,2,1,1,1,0
1,1,34.963259681459256,0,0,42.18130473306802,1,2,1,0,1
3,1,28.308236885542506,0,0,66.5615706944059,1,2,1,1,1
1,0,35.22741367458118,0,0,33.56986099583756,2,1,1,1,0
3,1,32.96851486546367,1,0,33.51194043379918,1,2,2,1,1
3,1,37.925359200253254,1,0,59.90014450053332,1,2,2,1,1
1,1,34.55882785549358,0,0,50.47945775647389,1,2,1,1,1
1,0,22.523508409622465,0,0,37.537671828692865,2,1,1,0,0
3,0,28.03584247504102,0,0,54.97936447299353,2,1,1,1,0
1,1,23.238794362826873,0,0,49.66300713771199,0,2,1,0,1
3,1,6.308826341588076,0,2,50.100913692632716,0,2,3,0,1
2,0,24.533338813300706,1,1,42.93865601329106,0,1,3,1,1
1,1,26.731061634475736,1,1,64.46627328280144,0,3,3,1,1
1,0,40.73489971332617,0,0,54.55201177958661,2,1,1,0,0
1,0,33.47917047388661,0,0,46.90404136220617,2,1,1,1,0
3,0,33.586885083145035,0,0,65.69556996047666,0,1,1,1,0
1,1,35.69614981207291,0,0,37.04915233673847,1,2,1,0,0
2,0,30.655746975508027,0,0,32.64054829075261,2,1,1,1,0
1,0,14.777608676870335,1,0,44.32261930118756,0,4,2,1,1
2,1,18.844667336242694,1,0,50.78583983644502,0,2,2,1,1
3,1,35.35965854486446,0,0,50.35839449322692,2,2,1,0,0
3,0,35.932722696794016,0,0,45.6376394214367,2,1,1,1,0
1,1,29.426068650848656,0,0,51.295553965142965,2,2,1,1,1
3,1,35.57297886960606,0,0,35.33880575809556,2,2,1,1,1
3,0,27.52018441010972,0,0,62.291846040732594,2,1,1,0,0
2,0,47.94295137629193,0,0,46.303488216074314,2,1,1,1,0
3,0,42.99241190608657,0,0,59.09795831588127,2,1,1,0,1
1,0,27.94446059202283,0,0,51.22725346377704,2,1,1,1,0
1,0,34.63402408323959,0,0,51.796732191537835,0,1,1,0,0
3,1,29.968155681014267,0,0,53.44767280232204,2,2,1,1,1
1,0,65.51830716934303,0,0,50.714585600173145,2,1,1,1,0
3,0,36.55803954272352,1,0,61.92722759867544,1,1,2,1,0
3,0,39.59821673900773,0,0,61.12072530132431,1,1,1,0,0
1,1,34.67371955462943,1,0,57.4652116970147,1,3,2,1,1
3,0,36.20513516629683,0,0,54.82333757588512,1,1,1,1,0
1,0,37.07043197513334,0,0,46.852643057127736,1,1,1,1,0
2,0,33.79633858434249,0,0,62.15117215449473,1,1,1,1,0
2,0,30.67227744543125,0,0,42.4610769794073,2,1,1,1,0
3,1,35.03777720234538,0,0,65.75940432910815,1,2,1,1,0
1,1,35.293028295646494,0,0,47.34842049355657,1,2,1,1,1
1,1,32.6809706484336,0,0,33.57144897881952,1,2,1,1,1
2,1,29.073530522776828,0,0,49.05604414910789,2,2,1,1,1
3,0,36.49399487373635,0,0,40.93948342525119,1,1,1,1,1
2,1,39.353430823385125,0,0,56.235635489887244,1,2,1,1,1
1,0,18.87781247825562,0,1,36.64456020697609,2,4,2,0,1
1,0,41.45954737253467,0,0,58.0631656678522,2,1,1,1,0
1,0,46.697957311335855,0,1,29.50879269054469,2,1,2,1,0
3,0,37.61696191016203,0,0,42.78943680750923,2,1,1,1,0
1,1,38.55002601721505,0,0,23.615406733710433,2,2,1,0,0
1,0,41.56940879965302,0,0,32.01517176514277,2,1,1,1,0
3,0,36.57510514393454,0,0,55.37914656144297,2,1,1,1,1
1,0,24.480834473457673,0,0,57.083001586508324,2,1,1,1,0
3,1,28.201822063667933,0,0,52.91707561784965,2,2,1,0,0
2,1,20.62831282707058,0,0,38.99273856870787,2,2,1,1,0
3,0,25.422734934957717,0,0,48.1853864385802,2,1,1,1,0
1,0,20.722602015338907,0,0,49.18067460909431,2,1,1,1,0
1,1,38.451181359428624,0,0,37.09965310807458,2,3,1,1,1
3,1,36.02526792733148,0,0,62.6631830176715,1,2,1,1,0
3,0,14.628512517647659,3,1,69.84862290575671,2,4,5,1,0
3,0,15.851271514558151,3,1,58.86535826170336,2,4,5,0,0
1,1,8.269289033012791,3,1,61.34385838994531,2,2,5,1,0
3,1,12.304755985954927,3,1,63.158828079475526,2,2,5,1,0
3,1,37.475757514519515,0,4,40.65765131575709,2,3,5,0,0
2,0,4.039300378938074,4,1,77.21572617479403,2,4,6,0,0
3,0,19.49437629756306,4,1,72.86765752002202,2,4,6,1,0
3,0,12.538320362163862,4,1,69.67129990105084,2,4,6,1,0
2,0,21.592473043685885,4,1,76.87649707114045,2,1,6,1,0
1,0,15.860596412727368,4,1,97.66436526849523,2,1,6,1,0
1,1,52.06161712249624,0,5,86.0959286126701,2,3,6,1,0
1,0,27.656380464242147,0,0,42.95071010217203,2,1,1,1,0
1,0,29.713448935920386,0,0,60.22582781356159,2,1,1,0,0
1,0,30.216717023616898,0,0,62.70605436586002,0,1,1,1,0
1,0,37.20187493113868,0,0,57.142136829127686,2,1,1,1,0
1,0,7.765731099154549,1,1,54.37130369920174,2,4,3,0,0
1,1,10.140941781294227,1,1,47.30563222294426,2,2,3,0,0
3,1,31.649803585562267,0,2,60.757233136135895,2,3,3,1,0
3,0,36.8685497970425,0,0,50.934853854217494,2,1,1,1,0
1,0,31.797138711852217,0,0,56.726932200277325,2,1,1,1,0
3,0,34.57286154493612,0,0,54.4017180168197,2,1,1,1,0
2,0,28.360886895135696,0,0,58.42052715319335,2,1,1,1,0
1,0,33.543316502176246,0,0,42.572647884394314,2,1,1,1,0
1,0,31.13484463426667,0,0,60.423940656343255,2,1,1,1,0
2,0,28.626073724486393,1,0,49.750996046923994,2,1,2,1,1
3,0,30.397657487793133,1,1,83.11090872625266,0,4,3,0,1
3,1,38.83303046569553,1,1,55.46642181910432,0,2,3,1,1
1,1,35.99694203593877,0,2,79.7179380316525,0,3,3,1,1
1,1,32.75454039033034,0,0,50.11660783462648,1,2,1,1,0
1,0,35.65345592656757,0,0,41.535819963855516,2,1,1,1,0
1,1,35.347023902878576,0,0,43.05694165945678,2,2,1,1,0
1,0,29.53789155219148,0,0,44.6923269180568,2,1,1,0,0
1,0,35.20255544423033,0,0,52.137459464019166,2,1,1,1,0
3,0,38.18224377464596,1,0,53.003354880355,2,1,2,1,0
3,1,30.266022527329614,0,0,42.03799996061421,2,2,1,0,0
1,0,38.25310755456278,0,0,47.80645407739017,2,1,1,0,1
3,0,37.91471285286306,0,0,69.31850358611864,2,1,1,1,0
1,0,25.936127848755444,0,0,65.93793170100712,2,1,1,0,0
1,0,35.105894672597046,0,0,53.025736696740324,2,1,1,1,0
1,0,32.105229618259685,0,0,48.275834781682,2,1,1,0,0
2,1,37.058154379995315,0,0,49.31281326718262,2,3,1,1,0
3,0,38.175273460548766,0,0,53.36437972730416,0,1,1,0,0
2,0,29.723781540730656,0,0,37.02207434801595,2,1,1,1,0
1,0,41.45022446200267,0,0,45.32203462576655,2,1,1,1,0
2,0,21.882303466719698,0,0,31.364159261224106,2,1,1,1,0
1,0,16.191779496666328,4,1,73.1172312260528,1,4,6,0,0
3,0,13.152626767387886,4,1,75.5969593970274,1,4,6,1,0
2,0,18.507071156288085,4,1,64.29313537700625,1,4,6,1,0
1,0,9.222284341259325,4,1,84.86486763290033,1,4,6,1,0
2,0,19.885846636713875,4,1,56.86734336997659,1,4,6,0,0
2,1,41.85969562535533,0,5,54.4812511979018,1,3,6,0,0
1,1,23.889852681934535,0,0,81.93201818559973,2,2,1,1,0
2,0,41.83335690331015,0,0,57.595983026121544,2,1,1,1,0
1,1,36.152196346817924,0,0,64.56007691457869,1,2,1,1,1
3,0,34.901915755717724,0,0,49.9111573713106,2,1,1,1,0
3,1,28.79767369988037,0,0,65.28680833431295,2,3,1,1,0
3,0,56.73263988146164,1,0,54.11491530499293,2,1,2,0,0
2,1,50.08659149848544,1,0,52.773727000591805,2,3,2,1,0
2,0,37.009017646490115,0,0,56.88659937486672,2,1,1,0,0
1,0,36.09979473829054,0,0,54.298228784134196,2,1,1,1,0
3,1,6.180360641017934,1,1,44.448578430157504,2,2,3,1,0
1,0,23.45839924798992,1,1,74.97790349725895,2,1,3,1,0
1,1,44.822359434333144,0,2,74.0134135414745,2,3,3,0,0
1,1,34.81196270818049,0,0,41.79437298490471,2,2,1,0,1
1,0,59.865426961503715,0,0,52.008035334374085,2,1,1,0,0
2,0,20.04282186099337,0,0,52.990301862827394,2,1,1,0,0
1,0,36.512139546553534,0,0,50.35673765823907,1,1,1,0,1
3,0,33.40922714488268,0,0,58.6469484615458,1,1,1,1,0
1,0,32.621381503212966,0,0,40.51296632061948,0,1,1,0,0
1,0,31.678908920136326,0,0,46.969459290085545,0,1,1,0,0
2,0,31.89427303274188,0,0,58.952290192593644,0,1,1,1,0
1,0,33.33905208395846,0,0,53.16520154594432,1,1,1,1,0
1,0,31.406366322233453,0,0,43.86885667913894,2,1,1,1,0
3,0,51.39417539874917,0,0,54.966987106483444,2,1,1,0,0
1,0,35.105790655915186,8,2,81.06457379369924,2,4,11,1,0
3,0,19.400823476022243,8,2,121.03765700372102,2,4,11,0,0
1,1,35.641939732202665,8,2,92.152862212219,2,2,11,0,0
1,1,34.66301585092751,8,2,105.92559058596868,2,2,11,1,0
3,1,34.337091201400334,8,2,98.35330105373856,2,2,11,0,0
1,1,36.84250010013027,8,2,96.60318524279094,2,2,11,1,0
1,0,37.27252313014192,8,2,121.15826787378519,2,1,11,1,0
1,0,33.40849655716842,8,2,104.87298798688109,2,1,11,1,0
1,0,33.27254527806596,8,2,113.01503881730716,2,1,11,1,0
3,0,34.17484490854507,1,9,109.08079421120816,2,1,11,0,0
1,1,28.094236505793248,1,9,114.32040827223122,2,3,11,1,0
3,0,26.454426813404343,0,0,50.09321891060256,2,1,1,1,0
3,1,32.100622802333575,0,0,34.8200777581143,2,2,1,1,1
1,0,50.93490314050385,0,0,57.887668194471395,2,1,1,1,0
3,0,34.25289188133087,2,0,56.741634168386874,0,1,3,0,0
1,0,36.729670889167295,2,0,46.11338101340249,0,1,3,1,0
3,0,35.93375046363061,2,0,57.398048390340875,0,1,3,0,0
1,1,17.236642425365712,1,1,71.70759790634311,2,2,3,1,1
2,1,34.358724734303735,0,2,65.20221742113493,2,3,3,1,1
1,1,10.6162472255577,1,1,53.213478655921406,2,2,3,0,1
1,0,29.133378678198724,0,0,46.00742295681571,2,1,1,1,1
2,0,22.18066103922728,0,0,44.83364948782618,2,1,1,0,0
3,0,32.11039090760167,0,0,68.81747983560841,2,1,1,1,0
1,0,32.73094776414709,0,0,51.54435452231554,1,1,1,1,0
1,0,30.73323887120698,0,0,52.196216471910695,2,1,1,1,0
3,0,33.06028134727242,0,0,58.05283454031842,1,1,1,1,0
2,0,32.75535598915681,0,0,51.887891590265134,2,1,1,1,1
3,0,40.06142490521769,0,0,52.50957854179297,2,1,1,0,0
3,1,37.64491927084835,0,0,45.81570150915022,1,2,1,0,1
3,0,34.97608207605015,0,0,47.33398740585936,2,1,1,0,0
3,0,39.43983241667008,0,0,47.67777763490159,2,1,1,0,0
1,0,29.232104922942856,0,0,54.5054954363698,0,1,1,1,0
1,0,32.416147396015205,0,0,48.56945885807299,2,1,1,1,0
3,0,51.56937223180897,0,0,55.222200772155794,2,1,1,1,0
2,0,29.616730131053977,0,0,47.117834198914174,2,1,1,0,0
1,1,21.888261537020632,0,0,48.28215190316091,2,2,1,1,1
1,0,10.428983965749175,3,2,47.917993154678925,2,4,6,1,0
3,0,14.373145239845728,3,2,77.06327674702482,2,4,6,0,0
2,1,11.851600807106992,3,2,71.36488475897993,2,2,6,1,0
1,1,11.778532642594925,3,2,77.88010109859653,2,2,6,1,0
1,0,52.728249921410395,1,4,38.9374462180631,2,1,6,0,0
1,1,47.80429727854258,1,4,88.78374704780728,2,3,6,1,0
1,0,36.68890771007171,0,0,46.499903718448266,2,1,1,1,0
1,0,33.048072292634515,0,0,59.13182816737516,2,1,1,0,0
1,0,33.53862384870591,0,0,38.26344072874469,2,1,1,1,0
3,0,33.22281822728339,0,0,53.8777390506257,1,1,1,1,0
1,1,32.40802769096055,0,0,37.19914436826344,1,2,1,1,1
3,0,26.14556488383448,0,0,41.41231039304195,2,1,1,1,0
3,0,34.507149650766884,0,0,67.19031353866787,2,1,1,1,0
1,0,35.811370477339516,0,0,46.14317599236654,2,1,1,1,0
2,0,38.84928567165259,0,0,50.22432873179723,2,1,1,1,0
1,0,34.28315585940077,0,0,56.59647730688754,2,1,1,0,0
3,0,37.277309013875204,0,0,53.619318879726045,0,1,1,1,0
1,1,28.269686008295004,0,0,49.05418905143576,2,2,1,1,1
2,0,30.26617367747727,0,0,51.69961002466225,2,1,1,1,0
2,0,69.00275156287314,0,0,78.48835585238275,2,1,1,0,0
1,0,23.067334265604345,0,0,47.31961202966415,2,1,1,1,0
1,1,29.297996916287676,0,0,51.848490467149674,2,2,1,0,0
2,0,40.25416137011537,0,0,58.43154396007612,2,1,1,0,1
3,0,28.991784156635884,0,0,59.71775932957984,2,1,1,0,0
1,1,10.630080577139806,0,1,62.3328030556038,2,2,2,1,0
2,1,34.01212872316246,1,1,56.84980222029184,2,3,3,1,0
1,0,24.711796005779476,0,0,36.61995087269517,2,1,1,1,1
3,0,48.71022253037245,0,0,64.25931532301095,2,1,1,0,1
1,0,26.585353698006443,0,0,35.58654606981312,2,1,1,1,0
3,0,76.1173726863505,0,0,50.80135465239033,2,1,1,1,0
1,0,21.144254839984146,0,0,41.68224149980642,2,1,1,1,1
1,0,31.779167505164445,0,0,47.15441653407007,2,1,1,0,0
1,0,29.287050124686775,0,0,51.0834241030348,2,1,1,1,1
1,0,42.91577737633212,0,0,51.263572154502725,2,1,1,1,0
2,0,2.4321398131931207,0,1,52.73590754235285,0,4,2,1,1
1,0,34.80176060405805,1,0,62.57461269058647,0,1,2,0,0
3,0,31.36695140071263,0,0,50.9728430151398,0,1,1,0,0
1,0,33.04449167659352,0,0,44.78343364709352,0,1,1,1,0
1,1,23.142196013949242,1,1,58.15757168288357,0,3,3,1,1
1,0,32.418759904148146,0,0,59.94470488924641,2,1,1,1,0
1,0,33.84633336731052,1,0,43.82392184863008,2,1,2,1,0
1,1,38.01887842764332,1,0,62.07400069849858,2,3,2,0,1
1,0,37.26932439143055,0,0,54.93672742310898,2,1,1,1,0
1,0,37.507076336195425,0,0,44.77436496640008,1,1,1,1,0
1,0,31.610879436027147,0,0,61.65286813311619,2,1,1,1,0
2,0,39.08941253374585,0,0,46.54944412967474,2,1,1,1,0
2,0,55.3247058619737,0,0,49.30576453471542,2,1,1,1,0
1,0,27.585066499618133,0,0,45.4984817571613,0,1,1,0,0
1,0,29.60931423358857,0,0,40.155790475814676,2,1,1,1,1
3,0,36.73121638154162,0,0,36.266449131047985,0,1,1,0,0
2,0,13.390863841871022,1,1,40.84529117405705,0,4,3,1,1
2,1,17.113437620113928,1,1,71.19085063224972,0,2,3,1,1
1,1,34.18804443985254,0,2,46.77618651681672,0,3,3,1,1
3,0,43.2597693624187,0,0,37.98187650543693,2,1,1,1,0
3,1,24.53296829382376,0,0,28.30779886396285,2,2,1,1,1
2,1,73.50334618497942,0,0,43.19788252310497,2,3,1,1,1
3,0,35.76326252990364,1,1,41.26910206592502,2,4,3,1,0
1,0,19.512807986225607,1,1,70.9201516013637,2,4,3,0,0
1,0,46.264369101632596,0,2,64.59817089342634,2,1,3,1,0
3,1,15.53718132778252,0,2,57.268496548222764,2,2,3,1,0
3,0,41.70232543654114,1,1,86.67435805344309,2,1,3,1,0
1,1,38.18335642713489,1,1,73.96765486991595,2,3,3,1,0
1,0,33.73704655753921,0,0,46.25168616491378,2,1,1,1,0
1,0,40.86932457068924,0,0,24.50594285126427,2,1,1,0,0
1,0,41.22620239593631,0,0,72.40942572590743,2,1,1,1,0
3,0,37.61337411029508,0,0,35.60427533236404,2,1,1,0,0
2,0,53.02192940349648,0,0,32.546012530431085,2,1,1,0,0
1,1,28.603641766491833,2,0,68.22570432009641,2,2,3,0,0
1,0,36.77577388093535,3,0,82.39752406339272,2,1,4,1,0
1,0,16.88562639446644,2,0,71.84272818510519,2,1,3,1,0
1,1,34.97574106724779,1,0,63.639091200523595,2,3,2,0,0
2,0,23.387624236922434,0,0,53.172543416652864,0,1,1,1,1
3,0,25.945459547876073,0,0,56.388355587803076,2,1,1,1,0
3,1,21.055255137568654,0,0,55.44348589786765,2,2,1,0,0
1,0,34.02931193682585,0,0,50.70771423969376,2,1,1,1,0
3,0,29.98078212129249,0,0,50.04201103951876,2,1,1,1,0
3,0,34.34269841357341,0,0,47.42406872100477,2,1,1,1,0
3,0,37.48821674355047,0,0,40.010354111333235,2,1,1,1,0
1,0,28.366594072976344,0,0,45.24324923133226,2,1,1,1,0
1,0,40.2068436743257,0,0,32.57043185804615,2,1,1,1,0
1,1,47.3125955816609,0,0,46.2458037320525,0,3,1,1,1
1,0,53.564241262660474,0,0,37.86408892849083,2,1,1,1,0
1,0,28.431262129620787,1,0,35.45990682784229,2,1,2,0,0
1,0,29.015489222483243,1,0,48.29474151153479,2,1,2,1,0
1,1,52.75413625829759,1,0,60.92002286344599,2,3,2,1,1
3,0,36.898345598318855,0,0,57.895666060023125,2,1,1,0,0
1,0,41.81207857341319,0,0,31.84499396376823,2,1,1,0,0
1,0,35.545598765175484,0,0,38.153718634296624,2,1,1,1,0
3,0,36.24466175890101,0,0,65.50771187988215,2,1,1,1,0
3,0,26.62191730137927,0,0,37.425126064616904,2,1,1,1,0
3,0,31.450466891605625,0,0,46.416168500029755,2,1,1,1,0
3,0,37.49100744963273,0,0,52.75052099024552,2,1,1,0,0
2,0,40.431748522273395,0,0,39.81655545136365,2,1,1,1,0
3,0,34.21469871165818,1,0,55.5079550614596,0,1,2,0,0
1,1,20.56702765970465,1,0,41.113945050817954,0,3,2,1,1
1,0,53.93693947723918,0,0,41.21132356048786,0,1,1,1,0
1,0,36.00098631586084,0,0,50.422819341425374,0,1,1,1,0
1,0,38.112619832773696,0,0,38.52836266468331,0,1,1,1,0
1,1,19.969950803435758,1,0,58.85894737960399,0,2,2,1,0
2,1,34.19037519411989,1,0,54.257822010733186,0,2,2,1,0
3,0,30.56370885265308,0,0,52.74989954417148,0,1,1,1,0
2,0,32.66712021977167,0,0,49.46414134064661,0,1,1,1,0
1,0,37.131901479134555,0,0,61.51640429973844,2,1,1,1,0
